{
  "project_info": {
    "project_number": "657578216876",
    "firebase_url": "https://fish-dae0e-default-rtdb.firebaseio.com",
    "project_id": "fish-dae0e",
    "storage_bucket": "fish-dae0e.appspot.com"
  },
  "client": [
    {
      "client_info": {
        "mobilesdk_app_id": "1:657578216876:android:d2fd1b4bc221128ef3be09",
        "android_client_info": {
          "package_name": "com.example.findmyfish"
        }
      },
      "oauth_client": [
        {
          "client_id": "657578216876-7fhg4gfdfftvbmo1tb127t6c5ai9uqjj.apps.googleusercontent.com",
          "client_type": 3
        }
      ],
      "api_key": [
        {
          "current_key": "AIzaSyARPh5fwUBYfLB4X5Y1H-_7djuEuMa1jWs"
        }
      ],
      "services": {
        "appinvite_service": {
          "other_platform_oauth_client": [
            {
              "client_id": "657578216876-7fhg4gfdfftvbmo1tb127t6c5ai9uqjj.apps.googleusercontent.com",
              "client_type": 3
            }
          ]
        }
      }
    },
    {
      "client_info": {
        "mobilesdk_app_id": "1:657578216876:android:c92300626747364ff3be09",
        "android_client_info": {
          "package_name": "edu.uta.findmyfish"
        }
      },
      "oauth_client": [
        {
          "client_id": "657578216876-7fhg4gfdfftvbmo1tb127t6c5ai9uqjj.apps.googleusercontent.com",
          "client_type": 3
        }
      ],
      "api_key": [
        {
          "current_key": "AIzaSyARPh5fwUBYfLB4X5Y1H-_7djuEuMa1jWs"
        }
      ],
      "services": {
        "appinvite_service": {
          "other_platform_oauth_client": [
            {
              "client_id": "657578216876-7fhg4gfdfftvbmo1tb127t6c5ai9uqjj.apps.googleusercontent.com",
              "client_type": 3
            }
          ]
        }
      }
    }
  ],
  "configuration_version": "1"
}